name, time
1_obj, 9.1552734375e-05
2_obj_cg, 284.45910596847534
2_obj, 493.02018666267395
3_obj_cg, 510.341504573822
3_obj, 3684.195089817047
4_obj_cg, 643.0625534057617
